FileName,Sample,Site,Group,IndivNames,Indiv,Type,Gland,Sex,Age,Repro,Peak,RT,Purity,Amount,Area
TZ_O1flk,TZ04,Captive,GroupA,TZ_O1,Fem2,Body,Body,Female,Adult,Reproductive,P02,3.1433,91%,1.32%,5742803832
TZ_O2flk,TZ06,Captive,GroupA,TZ_O2,Male2,Body,Body,Male,Adult,Reproductive,P02,3.1419,93%,2.30%,9814574802
TZ_J1flk,TZ01,Captive,GroupA,TZ_J1,Fem1,Body,Body,Female,Juvenile,Non-reproductive,P04,4.6797,83%,0.26%,1096672423
TZ_J1flk,TZ01,Captive,GroupA,TZ_J1,Fem1,Body,Body,Female,Juvenile,Non-reproductive,P07,7.6001,62%,0.13%,521967338
TZ_O1flk,TZ04,Captive,GroupA,TZ_O1,Fem2,Body,Body,Female,Adult,Reproductive,P07,7.5241,89%,0.66%,2937147892
TZ_O2flk,TZ06,Captive,GroupA,TZ_O2,Male2,Body,Body,Male,Adult,Reproductive,P07,7.5032,93%,1.19%,5084294895
TZ_O2flk,TZ06,Captive,GroupA,TZ_O2,Male2,Body,Body,Male,Adult,Reproductive,P11,10.6471,66%,0.13%,515834775
TZ_O2flk,TZ06,Captive,GroupA,TZ_O2,Male2,Body,Body,Male,Adult,Reproductive,P13,11.1464,71%,0.16%,671355826
TZ_J1flk,TZ01,Captive,GroupA,TZ_J1,Fem1,Body,Body,Female,Juvenile,Non-reproductive,P17,12.0331,84%,0.82%,3335300370
TZ_O1flk,TZ04,Captive,GroupA,TZ_O1,Fem2,Body,Body,Female,Adult,Reproductive,P17,12.0295,85%,1.21%,5433283748
TZ_O2flk,TZ06,Captive,GroupA,TZ_O2,Male2,Body,Body,Male,Adult,Reproductive,P17,12.0238,84%,1.31%,5614977498
TZ_O1flk,TZ04,Captive,GroupA,TZ_O1,Fem2,Body,Body,Female,Adult,Reproductive,P21,13.2188,63%,0.11%,478602907
TZ_O2flk,TZ06,Captive,GroupA,TZ_O2,Male2,Body,Body,Male,Adult,Reproductive,P21,13.2228,69%,0.23%,1001637382
TZ_O1flk,TZ04,Captive,GroupA,TZ_O1,Fem2,Body,Body,Female,Adult,Reproductive,P25,14.3946,84%,0.16%,760203833
TZ_O2flk,TZ06,Captive,GroupA,TZ_O2,Male2,Body,Body,Male,Adult,Reproductive,P25,14.3846,84%,0.33%,1390459493
TZ_O1flk,TZ04,Captive,GroupA,TZ_O1,Fem2,Body,Body,Female,Adult,Reproductive,P34,15.2149,74%,0.14%,627674927
TZ_O2flk,TZ06,Captive,GroupA,TZ_O2,Male2,Body,Body,Male,Adult,Reproductive,P34,15.2181,82%,0.21%,883712589
TZ_O1flk,TZ04,Captive,GroupA,TZ_O1,Fem2,Body,Body,Female,Adult,Reproductive,P47,19.0969,91%,1.25%,5608489916
TZ_O2flk,TZ06,Captive,GroupA,TZ_O2,Male2,Body,Body,Male,Adult,Reproductive,P47,19.093,94%,1.85%,7815334064
TZ_J1flk,TZ01,Captive,GroupA,TZ_J1,Fem1,Body,Body,Female,Juvenile,Non-reproductive,P52,21.3563,61%,0.47%,1881239616
TZ_O1flk,TZ04,Captive,GroupA,TZ_O1,Fem2,Body,Body,Female,Adult,Reproductive,P52,21.3543,81%,0.94%,4194778372
TZ_O2flk,TZ06,Captive,GroupA,TZ_O2,Male2,Body,Body,Male,Adult,Reproductive,P52,21.3491,75%,0.56%,2408473958
TZ_O1flk,TZ04,Captive,GroupA,TZ_O1,Fem2,Body,Body,Female,Adult,Reproductive,P58,22.2297,61%,0.12%,460457845
TZ_O1flk,TZ04,Captive,GroupA,TZ_O1,Fem2,Body,Body,Female,Adult,Reproductive,P59,23.1845,67%,0.14%,478742580
WI3_MI4_LPGc,WI15,Wild,Group1,MI4_LPG,Grp1_Fem1,Body,Body,Female,Subadult,Non-reproductive,P01,3.0272,39%,0.27%,31464815
WI1_MI4_LPLc,WI02,Wild,Group1,MI4_LPL,Grp1_Fem2,Body,Body,Female,Adult,Reproductive,P01,3.0029,64%,0.78%,66846779
WI1_MI4_LPRc,WI03,Wild,Group1,MI4_LPR,Grp1_Fem3,Body,Body,Female,Adult,Reproductive,P01,3.0318,56%,0.39%,26143958
WI3_MI4_LRCc,WI17,Wild,Group1,MI4_LRC,Grp1_Fem4,Body,Body,Female,Adult,Reproductive,P01,3.0301,26%,0.16%,28077938
WI1_MI4_LBYc,WI01,Wild,Group1,MI4_LBY,Grp1_Male1,Body,Body,Male,Adult,Reproductive,P01,3.0138,91%,0.70%,62246718
WI1_T8_BlPYc,WI06,Wild,Group2,T8_BlPY,Grp2_Fem1,Body,Body,Female,Adult,Reproductive,P01,3.0092,90%,1.06%,70648185
WI1_T8_BlBRc,WI05,Wild,Group2,T8_BlBR,Grp2_Male1,Body,Body,Male,Adult,Reproductive,P01,3.0216,72%,0.53%,42722600
WI4_T8_YBSc,WI26,Wild,Group2,T8_YBS,Grp2_Male2,Body,Body,Male,Adult,Reproductive,P01,3.0095,92%,1.00%,65376507
WI3_MI4_LPGc,WI15,Wild,Group1,MI4_LPG,Grp1_Fem1,Body,Body,Female,Subadult,Non-reproductive,P05,6.1735,82%,0.16%,19416906
WI1_MI4_LPRc,WI03,Wild,Group1,MI4_LPR,Grp1_Fem3,Body,Body,Female,Adult,Reproductive,P05,6.2088,83%,0.25%,16616417
WI1_T8_BlPYc,WI06,Wild,Group2,T8_BlPY,Grp2_Fem1,Body,Body,Female,Adult,Reproductive,P05,6.1339,82%,0.16%,10357909
WI3_MI4_LPGc,WI15,Wild,Group1,MI4_LPG,Grp1_Fem1,Body,Body,Female,Subadult,Non-reproductive,P07,7.582,90%,0.14%,19516359
WI1_MI4_LPLc,WI02,Wild,Group1,MI4_LPL,Grp1_Fem2,Body,Body,Female,Adult,Reproductive,P07,7.558,94%,0.30%,26003150
WI1_MI4_LPRc,WI03,Wild,Group1,MI4_LPR,Grp1_Fem3,Body,Body,Female,Adult,Reproductive,P07,7.6032,90%,0.12%,8017887
WI3_MI4_LRCc,WI17,Wild,Group1,MI4_LRC,Grp1_Fem4,Body,Body,Female,Adult,Reproductive,P07,7.7546,94%,0.15%,26703604
WI1_MI4_LBYc,WI01,Wild,Group1,MI4_LBY,Grp1_Male1,Body,Body,Male,Adult,Reproductive,P07,7.9413,87%,0.15%,13376589
WI1_T8_BlPYc,WI06,Wild,Group2,T8_BlPY,Grp2_Fem1,Body,Body,Female,Adult,Reproductive,P07,7.5201,96%,1.02%,67805010
WI1_T8_BlBRc,WI05,Wild,Group2,T8_BlBR,Grp2_Male1,Body,Body,Male,Adult,Reproductive,P07,7.535,98%,0.57%,47062280
WI4_T8_YBSc,WI26,Wild,Group2,T8_YBS,Grp2_Male2,Body,Body,Male,Adult,Reproductive,P07,7.5498,93%,0.56%,36529101
WI1_MI4_LPLc,WI02,Wild,Group1,MI4_LPL,Grp1_Fem2,Body,Body,Female,Adult,Reproductive,P08,7.9388,91%,0.20%,17047690
WI1_MI4_LPRc,WI03,Wild,Group1,MI4_LPR,Grp1_Fem3,Body,Body,Female,Adult,Reproductive,P08,8.0427,86%,0.49%,33030954
WI3_MI4_LRCc,WI17,Wild,Group1,MI4_LRC,Grp1_Fem4,Body,Body,Female,Adult,Reproductive,P08,8.1439,93%,0.00%,179480
WI3_MI4_LPGc,WI15,Wild,Group1,MI4_LPG,Grp1_Fem1,Body,Body,Female,Subadult,Non-reproductive,P10,9.193,86%,0.25%,29868328
WI1_MI4_LPLc,WI02,Wild,Group1,MI4_LPL,Grp1_Fem2,Body,Body,Female,Adult,Reproductive,P10,9.1814,79%,0.23%,19616067
WI1_MI4_LPRc,WI03,Wild,Group1,MI4_LPR,Grp1_Fem3,Body,Body,Female,Adult,Reproductive,P10,9.2019,61%,0.19%,13182420
WI1_T8_BlPYc,WI06,Wild,Group2,T8_BlPY,Grp2_Fem1,Body,Body,Female,Adult,Reproductive,P10,9.1863,92%,0.30%,19663007
WI1_T8_BlBRc,WI05,Wild,Group2,T8_BlBR,Grp2_Male1,Body,Body,Male,Adult,Reproductive,P10,9.1973,94%,0.36%,29256839
WI4_T8_YBSc,WI26,Wild,Group2,T8_YBS,Grp2_Male2,Body,Body,Male,Adult,Reproductive,P10,9.1976,89%,0.26%,16679196
WI1_MI4_LPLc,WI02,Wild,Group1,MI4_LPL,Grp1_Fem2,Body,Body,Female,Adult,Reproductive,P11,9.5506,95%,0.74%,63489243
WI1_MI4_LPRc,WI03,Wild,Group1,MI4_LPR,Grp1_Fem3,Body,Body,Female,Adult,Reproductive,P11,9.5902,86%,0.19%,13152474
WI3_MI4_LRCc,WI17,Wild,Group1,MI4_LRC,Grp1_Fem4,Body,Body,Female,Adult,Reproductive,P11,9.6241,99%,0.13%,23447188
WI1_MI4_LBYc,WI01,Wild,Group1,MI4_LBY,Grp1_Male1,Body,Body,Male,Adult,Reproductive,P11,9.5753,94%,0.58%,51661870
WI1_T8_BlPYc,WI06,Wild,Group2,T8_BlPY,Grp2_Fem1,Body,Body,Female,Adult,Reproductive,P11,9.5224,97%,2.60%,172257444
WI1_T8_BlBRc,WI05,Wild,Group2,T8_BlBR,Grp2_Male1,Body,Body,Male,Adult,Reproductive,P11,9.5591,97%,0.74%,60557709
WI3_MI4_LPGc,WI15,Wild,Group1,MI4_LPG,Grp1_Fem1,Body,Body,Female,Subadult,Non-reproductive,P13,11.1529,95%,0.20%,24051536
WI3_MI4_LRCc,WI17,Wild,Group1,MI4_LRC,Grp1_Fem4,Body,Body,Female,Adult,Reproductive,P13,11.1416,93%,0.22%,40587436
WI1_MI4_LPRc,WI03,Wild,Group1,MI4_LPR,Grp1_Fem3,Body,Body,Female,Adult,Reproductive,P15,11.7643,88%,0.14%,9331679
WI3_MI4_LRCc,WI17,Wild,Group1,MI4_LRC,Grp1_Fem4,Body,Body,Female,Adult,Reproductive,P15,11.7569,93%,0.59%,107679134
WI3_MI4_LPGc,WI15,Wild,Group1,MI4_LPG,Grp1_Fem1,Body,Body,Female,Subadult,Non-reproductive,P16,11.9404,95%,0.60%,71745055
WI1_MI4_LPLc,WI02,Wild,Group1,MI4_LPL,Grp1_Fem2,Body,Body,Female,Adult,Reproductive,P16,11.9345,93%,2.35%,200824058
WI1_MI4_LPRc,WI03,Wild,Group1,MI4_LPR,Grp1_Fem3,Body,Body,Female,Adult,Reproductive,P16,11.944,87%,0.11%,7363180
WI3_MI4_LRCc,WI17,Wild,Group1,MI4_LRC,Grp1_Fem4,Body,Body,Female,Adult,Reproductive,P16,11.9323,79%,0.18%,31857546
WI1_MI4_LBYc,WI01,Wild,Group1,MI4_LBY,Grp1_Male1,Body,Body,Male,Adult,Reproductive,P16,11.9337,94%,2.52%,222982593
WI1_T8_BlPYc,WI06,Wild,Group2,T8_BlPY,Grp2_Fem1,Body,Body,Female,Adult,Reproductive,P16,11.9348,95%,2.42%,160380233
WI1_T8_BlBRc,WI05,Wild,Group2,T8_BlBR,Grp2_Male1,Body,Body,Male,Adult,Reproductive,P16,11.9493,96%,1.81%,147643927
WI4_T8_YBSc,WI26,Wild,Group2,T8_YBS,Grp2_Male2,Body,Body,Male,Adult,Reproductive,P16,11.9443,94%,3.62%,236316229
WI3_MI4_LPGc,WI15,Wild,Group1,MI4_LPG,Grp1_Fem1,Body,Body,Female,Subadult,Non-reproductive,P18,12.1247,89%,0.34%,40298219
WI1_MI4_LPLc,WI02,Wild,Group1,MI4_LPL,Grp1_Fem2,Body,Body,Female,Adult,Reproductive,P18,12.1099,90%,0.40%,33884969
WI1_MI4_LPRc,WI03,Wild,Group1,MI4_LPR,Grp1_Fem3,Body,Body,Female,Adult,Reproductive,P18,12.1484,91%,0.57%,38304680
WI3_MI4_LRCc,WI17,Wild,Group1,MI4_LRC,Grp1_Fem4,Body,Body,Female,Adult,Reproductive,P18,12.1667,91%,0.30%,54784120
WI1_MI4_LPLc,WI02,Wild,Group1,MI4_LPL,Grp1_Fem2,Body,Body,Female,Adult,Reproductive,P20,13.0291,87%,0.20%,17082794
WI1_MI4_LBYc,WI01,Wild,Group1,MI4_LBY,Grp1_Male1,Body,Body,Male,Adult,Reproductive,P20,13.0252,88%,0.21%,18415521
WI1_T8_BlPYc,WI06,Wild,Group2,T8_BlPY,Grp2_Fem1,Body,Body,Female,Adult,Reproductive,P20,13.0283,87%,0.19%,12259265
WI1_T8_BlBRc,WI05,Wild,Group2,T8_BlBR,Grp2_Male1,Body,Body,Male,Adult,Reproductive,P20,13.044,86%,0.14%,11356045
WI4_T8_YBSc,WI26,Wild,Group2,T8_YBS,Grp2_Male2,Body,Body,Male,Adult,Reproductive,P20,13.0383,91%,0.31%,20066850
WI3_MI4_LPGc,WI15,Wild,Group1,MI4_LPG,Grp1_Fem1,Body,Body,Female,Subadult,Non-reproductive,P21,13.2165,94%,1.58%,186854008
WI1_MI4_LPLc,WI02,Wild,Group1,MI4_LPL,Grp1_Fem2,Body,Body,Female,Adult,Reproductive,P21,13.2003,95%,2.54%,217277089
WI1_MI4_LPRc,WI03,Wild,Group1,MI4_LPR,Grp1_Fem3,Body,Body,Female,Adult,Reproductive,P21,13.2145,94%,1.13%,76891163
WI3_MI4_LRCc,WI17,Wild,Group1,MI4_LRC,Grp1_Fem4,Body,Body,Female,Adult,Reproductive,P21,13.2339,93%,0.25%,45458952
WI1_MI4_LBYc,WI01,Wild,Group1,MI4_LBY,Grp1_Male1,Body,Body,Male,Adult,Reproductive,P21,13.2013,92%,25.40%,2252657974
WI1_T8_BlPYc,WI06,Wild,Group2,T8_BlPY,Grp2_Fem1,Body,Body,Female,Adult,Reproductive,P21,13.1833,100%,6.16%,407484670
WI1_T8_BlBRc,WI05,Wild,Group2,T8_BlBR,Grp2_Male1,Body,Body,Male,Adult,Reproductive,P21,13.2042,96%,2.58%,208868728
WI4_T8_YBSc,WI26,Wild,Group2,T8_YBS,Grp2_Male2,Body,Body,Male,Adult,Reproductive,P21,13.1999,97%,6.25%,407335353
WI3_MI4_LPGc,WI15,Wild,Group1,MI4_LPG,Grp1_Fem1,Body,Body,Female,Subadult,Non-reproductive,P22,13.4315,88%,0.72%,85605117
WI1_MI4_LPLc,WI02,Wild,Group1,MI4_LPL,Grp1_Fem2,Body,Body,Female,Adult,Reproductive,P22,13.4185,93%,2.96%,253170884
WI1_MI4_LPRc,WI03,Wild,Group1,MI4_LPR,Grp1_Fem3,Body,Body,Female,Adult,Reproductive,P22,13.4199,95%,1.62%,110264441
WI3_MI4_LRCc,WI17,Wild,Group1,MI4_LRC,Grp1_Fem4,Body,Body,Female,Adult,Reproductive,P22,13.4206,94%,1.26%,228264222
WI1_MI4_LBYc,WI01,Wild,Group1,MI4_LBY,Grp1_Male1,Body,Body,Male,Adult,Reproductive,P22,13.4209,90%,2.93%,259671540
WI1_T8_BlPYc,WI06,Wild,Group2,T8_BlPY,Grp2_Fem1,Body,Body,Female,Adult,Reproductive,P22,13.4259,85%,1.08%,72003670
WI1_T8_BlBRc,WI05,Wild,Group2,T8_BlBR,Grp2_Male1,Body,Body,Male,Adult,Reproductive,P22,13.4301,93%,1.79%,146277159
WI4_T8_YBSc,WI26,Wild,Group2,T8_YBS,Grp2_Male2,Body,Body,Male,Adult,Reproductive,P22,13.4297,83%,1.45%,94607185
WI3_MI4_LPGc,WI15,Wild,Group1,MI4_LPG,Grp1_Fem1,Body,Body,Female,Subadult,Non-reproductive,P24,14.231,95%,0.24%,27846025
WI1_MI4_LPRc,WI03,Wild,Group1,MI4_LPR,Grp1_Fem3,Body,Body,Female,Adult,Reproductive,P24,14.2279,93%,0.16%,11156337
WI1_MI4_LBYc,WI01,Wild,Group1,MI4_LBY,Grp1_Male1,Body,Body,Male,Adult,Reproductive,P24,14.224,88%,0.68%,60265456
WI1_T8_BlPYc,WI06,Wild,Group2,T8_BlPY,Grp2_Fem1,Body,Body,Female,Adult,Reproductive,P24,14.2236,85%,0.24%,15901894
WI1_T8_BlBRc,WI05,Wild,Group2,T8_BlBR,Grp2_Male1,Body,Body,Male,Adult,Reproductive,P24,14.2346,86%,0.14%,11668169
WI4_T8_YBSc,WI26,Wild,Group2,T8_YBS,Grp2_Male2,Body,Body,Male,Adult,Reproductive,P24,14.2303,85%,0.16%,10430537
WI4_T8_YBSc,WI26,Wild,Group2,T8_YBS,Grp2_Male2,Body,Body,Male,Adult,Reproductive,P26,14.4817,75%,0.12%,7970625
WI1_MI4_LBYc,WI01,Wild,Group1,MI4_LBY,Grp1_Male1,Body,Body,Male,Adult,Reproductive,P28,14.7126,68%,0.17%,14705000
WI4_T8_YBSc,WI26,Wild,Group2,T8_YBS,Grp2_Male2,Body,Body,Male,Adult,Reproductive,P28,14.7157,62%,0.19%,12387077
WI4_T8_YBSc,WI26,Wild,Group2,T8_YBS,Grp2_Male2,Body,Body,Male,Adult,Reproductive,P29,14.7927,76%,0.12%,2718526
WI1_MI4_LPLc,WI02,Wild,Group1,MI4_LPL,Grp1_Fem2,Body,Body,Female,Adult,Reproductive,P30,14.8654,88%,0.10%,8913464
WI1_MI4_LBYc,WI01,Wild,Group1,MI4_LBY,Grp1_Male1,Body,Body,Male,Adult,Reproductive,P30,14.8667,78%,0.15%,13409268
WI4_T8_YBSc,WI26,Wild,Group2,T8_YBS,Grp2_Male2,Body,Body,Male,Adult,Reproductive,P30,14.8714,84%,0.17%,11059929
WI1_MI4_LBYc,WI01,Wild,Group1,MI4_LBY,Grp1_Male1,Body,Body,Male,Adult,Reproductive,P31,14.9071,72%,0.14%,13898819
WI4_T8_YBSc,WI26,Wild,Group2,T8_YBS,Grp2_Male2,Body,Body,Male,Adult,Reproductive,P31,14.9208,71%,0.14%,9095991
WI1_MI4_LPLc,WI02,Wild,Group1,MI4_LPL,Grp1_Fem2,Body,Body,Female,Adult,Reproductive,P32,15.0211,71%,0.16%,13354297
WI1_MI4_LBYc,WI01,Wild,Group1,MI4_LBY,Grp1_Male1,Body,Body,Male,Adult,Reproductive,P32,15.014,68%,0.21%,18459409
WI1_T8_BlPYc,WI06,Wild,Group2,T8_BlPY,Grp2_Fem1,Body,Body,Female,Adult,Reproductive,P32,14.9978,71%,0.11%,7227447
WI1_T8_BlBRc,WI05,Wild,Group2,T8_BlBR,Grp2_Male1,Body,Body,Male,Adult,Reproductive,P32,15.031,79%,0.12%,8909954
WI4_T8_YBSc,WI26,Wild,Group2,T8_YBS,Grp2_Male2,Body,Body,Male,Adult,Reproductive,P32,15.0123,74%,0.25%,16136283
WI1_MI4_LBYc,WI01,Wild,Group1,MI4_LBY,Grp1_Male1,Body,Body,Male,Adult,Reproductive,P33,15.0948,82%,0.13%,11135417
WI4_T8_YBSc,WI26,Wild,Group2,T8_YBS,Grp2_Male2,Body,Body,Male,Adult,Reproductive,P33,15.1005,80%,0.11%,6881792
WI3_MI4_LPGc,WI15,Wild,Group1,MI4_LPG,Grp1_Fem1,Body,Body,Female,Subadult,Non-reproductive,P34,15.2074,91%,0.33%,31988604
WI1_T8_BlPYc,WI06,Wild,Group2,T8_BlPY,Grp2_Fem1,Body,Body,Female,Adult,Reproductive,P34,15.2032,88%,0.20%,13425945
WI1_T8_BlBRc,WI05,Wild,Group2,T8_BlBR,Grp2_Male1,Body,Body,Male,Adult,Reproductive,P34,15.212,89%,0.02%,1756008
WI4_T8_YBSc,WI26,Wild,Group2,T8_YBS,Grp2_Male2,Body,Body,Male,Adult,Reproductive,P34,15.2057,91%,0.40%,26314712
WI1_MI4_LBYc,WI01,Wild,Group1,MI4_LBY,Grp1_Male1,Body,Body,Male,Adult,Reproductive,P41,16.2237,89%,0.25%,22499930
WI1_T8_BlPYc,WI06,Wild,Group2,T8_BlPY,Grp2_Fem1,Body,Body,Female,Adult,Reproductive,P43,16.4225,89%,0.16%,10759340
WI1_T8_BlBRc,WI05,Wild,Group2,T8_BlBR,Grp2_Male1,Body,Body,Male,Adult,Reproductive,P43,16.4295,90%,0.11%,9461997
WI4_T8_YBSc,WI26,Wild,Group2,T8_YBS,Grp2_Male2,Body,Body,Male,Adult,Reproductive,P43,16.4271,89%,0.17%,11273970
WI1_MI4_LPLc,WI02,Wild,Group1,MI4_LPL,Grp1_Fem2,Body,Body,Female,Adult,Reproductive,P44,17.15,83%,0.27%,23199154
WI1_MI4_LPRc,WI03,Wild,Group1,MI4_LPR,Grp1_Fem3,Body,Body,Female,Adult,Reproductive,P44,17.1317,85%,0.15%,10065882
WI1_MI4_LPLc,WI02,Wild,Group1,MI4_LPL,Grp1_Fem2,Body,Body,Female,Adult,Reproductive,P45,17.2263,83%,0.14%,11587893
WI1_MI4_LPRc,WI03,Wild,Group1,MI4_LPR,Grp1_Fem3,Body,Body,Female,Adult,Reproductive,P49,19.7195,91%,0.43%,29293855
WI3_MI4_LRCc,WI17,Wild,Group1,MI4_LRC,Grp1_Fem4,Body,Body,Female,Adult,Reproductive,P49,19.7153,95%,0.20%,35676741
WI3_MI4_LPGc,WI15,Wild,Group1,MI4_LPG,Grp1_Fem1,Body,Body,Female,Subadult,Non-reproductive,P53,21.4185,93%,28.50%,3363307826
WI1_MI4_LPLc,WI02,Wild,Group1,MI4_LPL,Grp1_Fem2,Body,Body,Female,Adult,Reproductive,P53,21.4061,94%,7.41%,632294584
WI1_MI4_LPRc,WI03,Wild,Group1,MI4_LPR,Grp1_Fem3,Body,Body,Female,Adult,Reproductive,P53,21.4087,96%,33.70%,2287449489
WI3_MI4_LRCc,WI17,Wild,Group1,MI4_LRC,Grp1_Fem4,Body,Body,Female,Adult,Reproductive,P53,21.4118,94%,20.40%,3701446556
WI1_MI4_LBYc,WI01,Wild,Group1,MI4_LBY,Grp1_Male1,Body,Body,Male,Adult,Reproductive,P53,21.4096,94%,25.40%,2247539955
WI1_T8_BlPYc,WI06,Wild,Group2,T8_BlPY,Grp2_Fem1,Body,Body,Female,Adult,Reproductive,P53,21.4075,95%,33.80%,2235188516
WI1_T8_BlBRc,WI05,Wild,Group2,T8_BlBR,Grp2_Male1,Body,Body,Male,Adult,Reproductive,P53,21.421,96%,29.20%,1415807499
WI4_T8_YBSc,WI26,Wild,Group2,T8_YBS,Grp2_Male2,Body,Body,Male,Adult,Reproductive,P53,21.4121,96%,37.40%,2436507346
WI1_MI4_LBYc,WI01,Wild,Group1,MI4_LBY,Grp1_Male1,Body,Body,Male,Adult,Reproductive,P66,28.3592,93%,1.22%,108206987
WI1_T8_BlPYc,WI06,Wild,Group2,T8_BlPY,Grp2_Fem1,Body,Body,Female,Adult,Reproductive,P69,33.9871,84%,0.12%,7665242
TZ_P1sp2,TZ08,Captive,GroupA,TZ_P1,Fem3,Gland,Gsp,Female,Adult,Reproductive,P02,3.16,82%,0.97%,2990331652
TZ_J2sp2,TZ03,Captive,GroupA,TZ_J2,Male1,Gland,Gsp,Male,Juvenile,Non-reproductive,P02,3.1487,100%,1.89%,11434747562
TZ_O2sp,TZ07,Captive,GroupA,TZ_O2,Male2,Gland,Gsp,Male,Adult,Reproductive,P02,3.1461,94%,2.69%,11670256907
TZ_J1sp1,TZ02,Captive,GroupA,TZ_J1,Fem1,Gland,Gsp,Female,Juvenile,Non-reproductive,P04,5.7186,81%,1.00%,8564871933
TZ_J2sp2,TZ03,Captive,GroupA,TZ_J2,Male1,Gland,Gsp,Male,Juvenile,Non-reproductive,P04,4.8557,79%,1.92%,11601457722
TZ_J1sp1,TZ02,Captive,GroupA,TZ_J1,Fem1,Gland,Gsp,Female,Juvenile,Non-reproductive,P07,7.5568,86%,0.32%,3865094937
TZ_J2sp2,TZ03,Captive,GroupA,TZ_J2,Male1,Gland,Gsp,Male,Juvenile,Non-reproductive,P07,7.5089,94%,1.04%,6286393393
TZ_O2sp,TZ07,Captive,GroupA,TZ_O2,Male2,Gland,Gsp,Male,Adult,Reproductive,P07,7.5022,91%,1.14%,4965028544
TZ_J2sp2,TZ03,Captive,GroupA,TZ_J2,Male1,Gland,Gsp,Male,Juvenile,Non-reproductive,P11,10.6364,72%,0.11%,120763419
TZ_O2sp,TZ07,Captive,GroupA,TZ_O2,Male2,Gland,Gsp,Male,Adult,Reproductive,P11,10.6459,69%,0.10%,442748038
TZ_O1sp1,TZ05,Captive,GroupA,TZ_O1,Fem2,Gland,Gsp,Female,Adult,Reproductive,P13,11.1414,76%,0.10%,1007863031
TZ_O2sp,TZ07,Captive,GroupA,TZ_O2,Male2,Gland,Gsp,Male,Adult,Reproductive,P13,11.146,77%,0.22%,942067266
TZ_O1sp1,TZ05,Captive,GroupA,TZ_O1,Fem2,Gland,Gsp,Female,Adult,Reproductive,P17,12.0298,79%,0.23%,1873368926
TZ_J2sp2,TZ03,Captive,GroupA,TZ_J2,Male1,Gland,Gsp,Male,Juvenile,Non-reproductive,P21,13.2257,73%,0.18%,1260401693
TZ_O2sp,TZ07,Captive,GroupA,TZ_O2,Male2,Gland,Gsp,Male,Adult,Reproductive,P21,13.2296,73%,0.30%,1303249359
TZ_J2sp2,TZ03,Captive,GroupA,TZ_J2,Male1,Gland,Gsp,Male,Juvenile,Non-reproductive,P25,14.3787,82%,0.30%,1830501948
TZ_O2sp,TZ07,Captive,GroupA,TZ_O2,Male2,Gland,Gsp,Male,Adult,Reproductive,P25,14.3847,82%,0.38%,1636511904
TZ_J1sp1,TZ02,Captive,GroupA,TZ_J1,Fem1,Gland,Gsp,Female,Juvenile,Non-reproductive,P27,14.6335,91%,0.48%,5788465901
TZ_O1sp1,TZ05,Captive,GroupA,TZ_O1,Fem2,Gland,Gsp,Female,Adult,Reproductive,P27,14.5913,73%,0.14%,1412317971
TZ_O1sp1,TZ05,Captive,GroupA,TZ_O1,Fem2,Gland,Gsp,Female,Adult,Reproductive,P34,15.2116,78%,0.10%,483342429
TZ_P1sp2,TZ08,Captive,GroupA,TZ_P1,Fem3,Gland,Gsp,Female,Adult,Reproductive,P34,15.2045,73%,0.19%,670576949
TZ_O2sp,TZ07,Captive,GroupA,TZ_O2,Male2,Gland,Gsp,Male,Adult,Reproductive,P34,15.2182,78%,0.14%,590266770
TZ_J1sp1,TZ02,Captive,GroupA,TZ_J1,Fem1,Gland,Gsp,Female,Juvenile,Non-reproductive,P36,15.4162,82%,0.19%,2343630955
TZ_O1sp1,TZ05,Captive,GroupA,TZ_O1,Fem2,Gland,Gsp,Female,Adult,Reproductive,P47,19.2793,89%,16.70%,1.72E+11
TZ_P1sp2,TZ08,Captive,GroupA,TZ_P1,Fem3,Gland,Gsp,Female,Adult,Reproductive,P47,19.1154,94%,19.30%,67493091843
TZ_O2sp,TZ07,Captive,GroupA,TZ_O2,Male2,Gland,Gsp,Male,Adult,Reproductive,P47,19.0983,93%,2.14%,9384518528
TZ_P1sp2,TZ08,Captive,GroupA,TZ_P1,Fem3,Gland,Gsp,Female,Adult,Reproductive,P49,19.7226,76%,0.14%,494153499
TZ_J1sp1,TZ02,Captive,GroupA,TZ_J1,Fem1,Gland,Gsp,Female,Juvenile,Non-reproductive,P52,21.3645,82%,0.33%,3952158776
TZ_O1sp1,TZ05,Captive,GroupA,TZ_O1,Fem2,Gland,Gsp,Female,Adult,Reproductive,P52,21.3566,83%,0.25%,2541203989
TZ_J2sp2,TZ03,Captive,GroupA,TZ_J2,Male1,Gland,Gsp,Male,Juvenile,Non-reproductive,P52,21.3487,83%,0.61%,3654657088
TZ_O2sp,TZ07,Captive,GroupA,TZ_O2,Male2,Gland,Gsp,Male,Adult,Reproductive,P52,21.3544,82%,0.69%,2978410726
TZ_P1sp2,TZ08,Captive,GroupA,TZ_P1,Fem3,Gland,Gsp,Female,Adult,Reproductive,P53,21.3959,89%,1.37%,4781759502
TZ_O2sp,TZ07,Captive,GroupA,TZ_O2,Male2,Gland,Gsp,Male,Adult,Reproductive,P58,22.2358,63%,0.11%,494834181
TZ_O2sp,TZ07,Captive,GroupA,TZ_O2,Male2,Gland,Gsp,Male,Adult,Reproductive,P59,23.185,59%,0.10%,453564572
WI4_MI4_LPGsp,WI22,Wild,Group1,MI4_LPG,Grp1_Fem1,Gland,Gsp,Female,Subadult,Non-reproductive,P01,3.042,25%,0.15%,10661657
WI2_MI4_LPLsp,WI10,Wild,Group1,MI4_LPL,Grp1_Fem2,Gland,Gsp,Female,Adult,Reproductive,P01,3.0283,72%,0.59%,13292093
WI2_MI4_LPRsp,WI12,Wild,Group1,MI4_LPR,Grp1_Fem3,Gland,Gsp,Female,Adult,Reproductive,P01,3.0174,70%,0.85%,62340789
WI3_MI4_LRCsp,WI18,Wild,Group1,MI4_LRC,Grp1_Fem4,Gland,Gsp,Female,Adult,Reproductive,P01,3.0484,33%,0.15%,141170
WI4_T8_BlPYsp,WI25,Wild,Group2,T8_BlPY,Grp2_Fem1,Gland,Gsp,Female,Adult,Reproductive,P01,3.0188,88%,1.30%,64914635
WI4_T8_BlBRsp,WI24,Wild,Group2,T8_BlBR,Grp2_Male1,Gland,Gsp,Male,Adult,Reproductive,P01,3.0219,93%,0.83%,48308877
WI4_T8_YBSsp,WI27,Wild,Group2,T8_YBS,Grp2_Male2,Gland,Gsp,Male,Adult,Reproductive,P01,3.0198,94%,0.83%,72069771
WI3_MI4_LRCsp,WI18,Wild,Group1,MI4_LRC,Grp1_Fem4,Gland,Gsp,Female,Adult,Reproductive,P03,4.4777,74%,0.10%,3021113
WI4_MI4_LPGsp,WI22,Wild,Group1,MI4_LPG,Grp1_Fem1,Gland,Gsp,Female,Subadult,Non-reproductive,P05,6.1417,87%,0.11%,7762107
WI2_MI4_LPLsp,WI10,Wild,Group1,MI4_LPL,Grp1_Fem2,Gland,Gsp,Female,Adult,Reproductive,P05,6.1944,84%,0.21%,16733316
WI2_MI4_LPRsp,WI12,Wild,Group1,MI4_LPR,Grp1_Fem3,Gland,Gsp,Female,Adult,Reproductive,P05,6.5791,91%,0.23%,16007832
WI3_MI4_LRCsp,WI18,Wild,Group1,MI4_LRC,Grp1_Fem4,Gland,Gsp,Female,Adult,Reproductive,P05,6.1269,81%,0.16%,5982717
WI4_T8_BlBRsp,WI24,Wild,Group2,T8_BlBR,Grp2_Male1,Gland,Gsp,Male,Adult,Reproductive,P05,6.1643,82%,0.25%,237812
WI4_T8_YBSsp,WI27,Wild,Group2,T8_YBS,Grp2_Male2,Gland,Gsp,Male,Adult,Reproductive,P05,6.1449,81%,0.16%,706225
WI4_MI4_LPGsp,WI22,Wild,Group1,MI4_LPG,Grp1_Fem1,Gland,Gsp,Female,Subadult,Non-reproductive,P07,7.589,94%,0.18%,13153380
WI2_MI4_LPLsp,WI10,Wild,Group1,MI4_LPL,Grp1_Fem2,Gland,Gsp,Female,Adult,Reproductive,P07,7.5248,93%,1.16%,92704402
WI2_MI4_LPRsp,WI12,Wild,Group1,MI4_LPR,Grp1_Fem3,Gland,Gsp,Female,Adult,Reproductive,P07,7.7878,96%,2.75%,201966788
WI4_T8_BlPYsp,WI25,Wild,Group2,T8_BlPY,Grp2_Fem1,Gland,Gsp,Female,Adult,Reproductive,P07,7.5329,95%,1.48%,73865035
WI4_T8_BlBRsp,WI24,Wild,Group2,T8_BlBR,Grp2_Male1,Gland,Gsp,Male,Adult,Reproductive,P07,7.5435,91%,0.82%,48689504
WI4_T8_YBSsp,WI27,Wild,Group2,T8_YBS,Grp2_Male2,Gland,Gsp,Male,Adult,Reproductive,P07,7.5279,97%,0.97%,846125518
WI4_MI4_LPGsp,WI22,Wild,Group1,MI4_LPG,Grp1_Fem1,Gland,Gsp,Female,Subadult,Non-reproductive,P08,7.9272,87%,0.21%,15788790
WI2_MI4_LPLsp,WI10,Wild,Group1,MI4_LPL,Grp1_Fem2,Gland,Gsp,Female,Adult,Reproductive,P08,7.9061,86%,0.11%,8821315
WI2_MI4_LPRsp,WI12,Wild,Group1,MI4_LPR,Grp1_Fem3,Gland,Gsp,Female,Adult,Reproductive,P08,8.1729,89%,0.22%,17521661
WI3_MI4_LRCsp,WI18,Wild,Group1,MI4_LRC,Grp1_Fem4,Gland,Gsp,Female,Adult,Reproductive,P08,7.912,85%,0.34%,11989693
WI4_T8_BlPYsp,WI25,Wild,Group2,T8_BlPY,Grp2_Fem1,Gland,Gsp,Female,Adult,Reproductive,P08,7.8916,89%,0.16%,8162122
WI4_T8_BlBRsp,WI24,Wild,Group2,T8_BlBR,Grp2_Male1,Gland,Gsp,Male,Adult,Reproductive,P08,7.9124,93%,0.19%,11755012
WI4_T8_YBSsp,WI27,Wild,Group2,T8_YBS,Grp2_Male2,Gland,Gsp,Male,Adult,Reproductive,P08,7.9325,89%,0.16%,13603984
WI2_MI4_LPLsp,WI10,Wild,Group1,MI4_LPL,Grp1_Fem2,Gland,Gsp,Female,Adult,Reproductive,P10,9.1945,91%,0.27%,21768683
WI4_T8_BlPYsp,WI25,Wild,Group2,T8_BlPY,Grp2_Fem1,Gland,Gsp,Female,Adult,Reproductive,P10,9.2099,91%,0.11%,3632390
WI4_T8_BlBRsp,WI24,Wild,Group2,T8_BlBR,Grp2_Male1,Gland,Gsp,Male,Adult,Reproductive,P10,9.2005,92%,0.20%,12787744
WI4_T8_YBSsp,WI27,Wild,Group2,T8_YBS,Grp2_Male2,Gland,Gsp,Male,Adult,Reproductive,P10,9.1987,92%,0.17%,11147204
WI4_MI4_LPGsp,WI22,Wild,Group1,MI4_LPG,Grp1_Fem1,Gland,Gsp,Female,Subadult,Non-reproductive,P11,9.5955,94%,0.27%,19744831
WI2_MI4_LPLsp,WI10,Wild,Group1,MI4_LPL,Grp1_Fem2,Gland,Gsp,Female,Adult,Reproductive,P11,9.5291,97%,2.47%,196909291
WI2_MI4_LPRsp,WI12,Wild,Group1,MI4_LPR,Grp1_Fem3,Gland,Gsp,Female,Adult,Reproductive,P11,9.5884,98%,0.92%,67168973
WI4_T8_BlPYsp,WI25,Wild,Group2,T8_BlPY,Grp2_Fem1,Gland,Gsp,Female,Adult,Reproductive,P11,9.5503,96%,2.05%,102183252
WI4_T8_BlBRsp,WI24,Wild,Group2,T8_BlBR,Grp2_Male1,Gland,Gsp,Male,Adult,Reproductive,P11,9.5718,95%,0.81%,50166270
WI4_T8_YBSsp,WI27,Wild,Group2,T8_YBS,Grp2_Male2,Gland,Gsp,Male,Adult,Reproductive,P11,9.5294,97%,3.09%,269191752
WI2_MI4_LPRsp,WI12,Wild,Group1,MI4_LPR,Grp1_Fem3,Gland,Gsp,Female,Adult,Reproductive,P15,11.7583,94%,0.96%,70827872
WI4_MI4_LPGsp,WI22,Wild,Group1,MI4_LPG,Grp1_Fem1,Gland,Gsp,Female,Subadult,Non-reproductive,P16,11.9429,95%,1.02%,75331039
WI2_MI4_LPLsp,WI10,Wild,Group1,MI4_LPL,Grp1_Fem2,Gland,Gsp,Female,Adult,Reproductive,P16,11.9376,95%,2.41%,191922216
WI2_MI4_LPRsp,WI12,Wild,Group1,MI4_LPR,Grp1_Fem3,Gland,Gsp,Female,Adult,Reproductive,P16,11.9369,93%,1.22%,89414720
WI4_T8_BlPYsp,WI25,Wild,Group2,T8_BlPY,Grp2_Fem1,Gland,Gsp,Female,Adult,Reproductive,P16,11.9507,99%,2.85%,141577256
WI4_T8_BlBRsp,WI24,Wild,Group2,T8_BlBR,Grp2_Male1,Gland,Gsp,Male,Adult,Reproductive,P16,11.9433,95%,1.43%,83586919
WI4_T8_YBSsp,WI27,Wild,Group2,T8_YBS,Grp2_Male2,Gland,Gsp,Male,Adult,Reproductive,P16,11.9436,94%,1.22%,106769039
WI2_MI4_LPRsp,WI12,Wild,Group1,MI4_LPR,Grp1_Fem3,Gland,Gsp,Female,Adult,Reproductive,P17,12.0474,79%,0.13%,9366275
WI4_MI4_LPGsp,WI22,Wild,Group1,MI4_LPG,Grp1_Fem1,Gland,Gsp,Female,Subadult,Non-reproductive,P18,12.0809,88%,0.18%,13551310
WI2_MI4_LPLsp,WI10,Wild,Group1,MI4_LPL,Grp1_Fem2,Gland,Gsp,Female,Adult,Reproductive,P18,12.0524,86%,0.14%,9469447
WI2_MI4_LPRsp,WI12,Wild,Group1,MI4_LPR,Grp1_Fem3,Gland,Gsp,Female,Adult,Reproductive,P18,12.2081,86%,0.54%,38753820
WI3_MI4_LRCsp,WI18,Wild,Group1,MI4_LRC,Grp1_Fem4,Gland,Gsp,Female,Adult,Reproductive,P18,12.053,83%,0.23%,7733468
WI4_T8_BlPYsp,WI25,Wild,Group2,T8_BlPY,Grp2_Fem1,Gland,Gsp,Female,Adult,Reproductive,P18,12.0799,89%,0.31%,16749477
WI4_T8_BlBRsp,WI24,Wild,Group2,T8_BlBR,Grp2_Male1,Gland,Gsp,Male,Adult,Reproductive,P18,12.0972,99%,0.35%,26889720
WI2_MI4_LPLsp,WI10,Wild,Group1,MI4_LPL,Grp1_Fem2,Gland,Gsp,Female,Adult,Reproductive,P20,13.0337,91%,0.26%,20982685
WI2_MI4_LPRsp,WI12,Wild,Group1,MI4_LPR,Grp1_Fem3,Gland,Gsp,Female,Adult,Reproductive,P20,13.0319,86%,0.11%,8190136
WI4_T8_BlPYsp,WI25,Wild,Group2,T8_BlPY,Grp2_Fem1,Gland,Gsp,Female,Adult,Reproductive,P20,13.045,92%,0.30%,14922899
WI2_MI4_LPLsp,WI10,Wild,Group1,MI4_LPL,Grp1_Fem2,Gland,Gsp,Female,Adult,Reproductive,P21,13.1989,93%,3.72%,202762739
WI2_MI4_LPRsp,WI12,Wild,Group1,MI4_LPR,Grp1_Fem3,Gland,Gsp,Female,Adult,Reproductive,P21,13.1972,100%,3.45%,253065920
WI4_T8_BlPYsp,WI25,Wild,Group2,T8_BlPY,Grp2_Fem1,Gland,Gsp,Female,Adult,Reproductive,P21,13.2293,93%,3.25%,161604597
WI4_T8_BlBRsp,WI24,Wild,Group2,T8_BlBR,Grp2_Male1,Gland,Gsp,Male,Adult,Reproductive,P21,13.2317,90%,1.49%,90651982
WI4_T8_YBSsp,WI27,Wild,Group2,T8_YBS,Grp2_Male2,Gland,Gsp,Male,Adult,Reproductive,P21,13.2042,94%,4.68%,407252690
WI4_MI4_LPGsp,WI22,Wild,Group1,MI4_LPG,Grp1_Fem1,Gland,Gsp,Female,Subadult,Non-reproductive,P22,13.416,97%,6.73%,494766976
WI2_MI4_LPLsp,WI10,Wild,Group1,MI4_LPL,Grp1_Fem2,Gland,Gsp,Female,Adult,Reproductive,P22,13.4262,90%,1.04%,83914832
WI2_MI4_LPRsp,WI12,Wild,Group1,MI4_LPR,Grp1_Fem3,Gland,Gsp,Female,Adult,Reproductive,P22,13.433,95%,0.94%,68928125
WI3_MI4_LRCsp,WI18,Wild,Group1,MI4_LRC,Grp1_Fem4,Gland,Gsp,Female,Adult,Reproductive,P22,13.4463,92%,0.26%,8952560
WI4_T8_BlPYsp,WI25,Wild,Group2,T8_BlPY,Grp2_Fem1,Gland,Gsp,Female,Adult,Reproductive,P22,13.4337,86%,2.07%,102997623
WI4_T8_BlBRsp,WI24,Wild,Group2,T8_BlBR,Grp2_Male1,Gland,Gsp,Male,Adult,Reproductive,P22,13.4234,85%,1.51%,88253281
WI4_T8_YBSsp,WI27,Wild,Group2,T8_YBS,Grp2_Male2,Gland,Gsp,Male,Adult,Reproductive,P22,13.4333,77%,0.85%,81141527
WI2_MI4_LPLsp,WI10,Wild,Group1,MI4_LPL,Grp1_Fem2,Gland,Gsp,Female,Adult,Reproductive,P24,14.2276,75%,0.15%,11972998
WI2_MI4_LPRsp,WI12,Wild,Group1,MI4_LPR,Grp1_Fem3,Gland,Gsp,Female,Adult,Reproductive,P24,14.2254,87%,0.21%,15448548
WI4_T8_BlPYsp,WI25,Wild,Group2,T8_BlPY,Grp2_Fem1,Gland,Gsp,Female,Adult,Reproductive,P24,14.2325,92%,0.20%,10032860
WI4_T8_YBSsp,WI27,Wild,Group2,T8_YBS,Grp2_Male2,Gland,Gsp,Male,Adult,Reproductive,P24,14.2279,87%,0.25%,21729709
WI2_MI4_LPLsp,WI10,Wild,Group1,MI4_LPL,Grp1_Fem2,Gland,Gsp,Female,Adult,Reproductive,P26,14.4718,78%,0.13%,10736909
WI4_T8_BlPYsp,WI25,Wild,Group2,T8_BlPY,Grp2_Fem1,Gland,Gsp,Female,Adult,Reproductive,P26,14.488,94%,0.17%,8227422
WI2_MI4_LPLsp,WI10,Wild,Group1,MI4_LPL,Grp1_Fem2,Gland,Gsp,Female,Adult,Reproductive,P28,14.7129,74%,0.26%,20826204
WI4_T8_BlPYsp,WI25,Wild,Group2,T8_BlPY,Grp2_Fem1,Gland,Gsp,Female,Adult,Reproductive,P28,14.7351,55%,0.14%,6315512
WI4_T8_YBSsp,WI27,Wild,Group2,T8_YBS,Grp2_Male2,Gland,Gsp,Male,Adult,Reproductive,P28,14.7193,80%,0.12%,10254472
WI2_MI4_LPLsp,WI10,Wild,Group1,MI4_LPL,Grp1_Fem2,Gland,Gsp,Female,Adult,Reproductive,P29,14.7878,75%,0.14%,2369933
WI4_T8_BlPYsp,WI25,Wild,Group2,T8_BlPY,Grp2_Fem1,Gland,Gsp,Female,Adult,Reproductive,P29,14.7955,66%,0.12%,6032216
WI2_MI4_LPLsp,WI10,Wild,Group1,MI4_LPL,Grp1_Fem2,Gland,Gsp,Female,Adult,Reproductive,P30,14.8665,83%,0.21%,17028257
WI2_MI4_LPRsp,WI12,Wild,Group1,MI4_LPR,Grp1_Fem3,Gland,Gsp,Female,Adult,Reproductive,P30,14.8753,77%,0.10%,7599869
WI4_T8_BlPYsp,WI25,Wild,Group2,T8_BlPY,Grp2_Fem1,Gland,Gsp,Female,Adult,Reproductive,P30,14.8732,62%,0.19%,9651074
WI2_MI4_LPLsp,WI10,Wild,Group1,MI4_LPL,Grp1_Fem2,Gland,Gsp,Female,Adult,Reproductive,P31,14.9131,69%,0.15%,12134884
WI4_T8_BlPYsp,WI25,Wild,Group2,T8_BlPY,Grp2_Fem1,Gland,Gsp,Female,Adult,Reproductive,P31,14.9201,55%,0.22%,10734296
WI2_MI4_LPLsp,WI10,Wild,Group1,MI4_LPL,Grp1_Fem2,Gland,Gsp,Female,Adult,Reproductive,P32,15.0176,72%,0.29%,20962245
WI2_MI4_LPRsp,WI12,Wild,Group1,MI4_LPR,Grp1_Fem3,Gland,Gsp,Female,Adult,Reproductive,P32,15.0134,75%,0.19%,14034859
WI4_T8_BlPYsp,WI25,Wild,Group2,T8_BlPY,Grp2_Fem1,Gland,Gsp,Female,Adult,Reproductive,P32,15.0288,75%,0.33%,12450823
WI4_T8_BlBRsp,WI24,Wild,Group2,T8_BlBR,Grp2_Male1,Gland,Gsp,Male,Adult,Reproductive,P32,15.0214,81%,0.13%,8273599
WI4_T8_YBSsp,WI27,Wild,Group2,T8_YBS,Grp2_Male2,Gland,Gsp,Male,Adult,Reproductive,P32,15.0077,70%,0.12%,7911367
WI2_MI4_LPLsp,WI10,Wild,Group1,MI4_LPL,Grp1_Fem2,Gland,Gsp,Female,Adult,Reproductive,P33,15.0966,76%,0.10%,8337455
WI2_MI4_LPRsp,WI12,Wild,Group1,MI4_LPR,Grp1_Fem3,Gland,Gsp,Female,Adult,Reproductive,P33,15.1052,85%,0.10%,6598108
WI2_MI4_LPLsp,WI10,Wild,Group1,MI4_LPL,Grp1_Fem2,Gland,Gsp,Female,Adult,Reproductive,P37,15.5012,78%,0.17%,12889330
WI4_T8_BlPYsp,WI25,Wild,Group2,T8_BlPY,Grp2_Fem1,Gland,Gsp,Female,Adult,Reproductive,P37,15.5103,82%,0.22%,10921254
WI2_MI4_LPLsp,WI10,Wild,Group1,MI4_LPL,Grp1_Fem2,Gland,Gsp,Female,Adult,Reproductive,P39,15.7722,91%,0.11%,7201466
WI4_T8_BlPYsp,WI25,Wild,Group2,T8_BlPY,Grp2_Fem1,Gland,Gsp,Female,Adult,Reproductive,P39,15.7628,62%,0.13%,6649473
WI2_MI4_LPLsp,WI10,Wild,Group1,MI4_LPL,Grp1_Fem2,Gland,Gsp,Female,Adult,Reproductive,P42,16.2894,84%,0.22%,1169492
WI2_MI4_LPRsp,WI12,Wild,Group1,MI4_LPR,Grp1_Fem3,Gland,Gsp,Female,Adult,Reproductive,P42,16.3216,81%,0.16%,12130207
WI2_MI4_LPLsp,WI10,Wild,Group1,MI4_LPL,Grp1_Fem2,Gland,Gsp,Female,Adult,Reproductive,P44,17.1543,91%,0.39%,31677554
WI2_MI4_LPRsp,WI12,Wild,Group1,MI4_LPR,Grp1_Fem3,Gland,Gsp,Female,Adult,Reproductive,P44,17.2387,92%,1.40%,103223467
WI3_MI4_LRCsp,WI18,Wild,Group1,MI4_LRC,Grp1_Fem4,Gland,Gsp,Female,Adult,Reproductive,P44,17.1345,87%,0.01%,299300
WI4_T8_BlPYsp,WI25,Wild,Group2,T8_BlPY,Grp2_Fem1,Gland,Gsp,Female,Adult,Reproductive,P44,17.1582,88%,0.62%,132004
WI2_MI4_LPRsp,WI12,Wild,Group1,MI4_LPR,Grp1_Fem3,Gland,Gsp,Female,Adult,Reproductive,P46,17.5987,61%,0.17%,12384452
WI4_T8_BlPYsp,WI25,Wild,Group2,T8_BlPY,Grp2_Fem1,Gland,Gsp,Female,Adult,Reproductive,P46,17.5927,93%,2.29%,114021508
WI4_T8_BlPYsp,WI25,Wild,Group2,T8_BlPY,Grp2_Fem1,Gland,Gsp,Female,Adult,Reproductive,P50,19.83,92%,0.33%,16592117
WI4_T8_BlPYsp,WI25,Wild,Group2,T8_BlPY,Grp2_Fem1,Gland,Gsp,Female,Adult,Reproductive,P51,19.9628,72%,0.11%,3232475
WI4_MI4_LPGsp,WI22,Wild,Group1,MI4_LPG,Grp1_Fem1,Gland,Gsp,Female,Subadult,Non-reproductive,P53,21.4047,95%,11.90%,878528488
WI2_MI4_LPLsp,WI10,Wild,Group1,MI4_LPL,Grp1_Fem2,Gland,Gsp,Female,Adult,Reproductive,P53,21.4101,95%,19.10%,1516963899
WI2_MI4_LPRsp,WI12,Wild,Group1,MI4_LPR,Grp1_Fem3,Gland,Gsp,Female,Adult,Reproductive,P53,21.4181,95%,22.30%,1635935828
WI3_MI4_LRCsp,WI18,Wild,Group1,MI4_LRC,Grp1_Fem4,Gland,Gsp,Female,Adult,Reproductive,P53,21.4079,91%,8.73%,259691881
WI4_T8_BlPYsp,WI25,Wild,Group2,T8_BlPY,Grp2_Fem1,Gland,Gsp,Female,Adult,Reproductive,P53,21.4132,94%,27.90%,1387117513
WI4_T8_BlBRsp,WI24,Wild,Group2,T8_BlBR,Grp2_Male1,Gland,Gsp,Male,Adult,Reproductive,P53,21.4072,96%,31.90%,1799995558
WI4_T8_YBSsp,WI27,Wild,Group2,T8_YBS,Grp2_Male2,Gland,Gsp,Male,Adult,Reproductive,P53,21.4185,95%,27.40%,2377528906
WI2_MI4_LPLsp,WI10,Wild,Group1,MI4_LPL,Grp1_Fem2,Gland,Gsp,Female,Adult,Reproductive,P55,21.6356,87%,0.19%,15628884
WI2_MI4_LPRsp,WI12,Wild,Group1,MI4_LPR,Grp1_Fem3,Gland,Gsp,Female,Adult,Reproductive,P55,21.6699,87%,0.84%,55585939
WI3_MI4_LRCsp,WI18,Wild,Group1,MI4_LRC,Grp1_Fem4,Gland,Gsp,Female,Adult,Reproductive,P55,21.6338,88%,0.47%,16391378
WI2_MI4_LPLsp,WI10,Wild,Group1,MI4_LPL,Grp1_Fem2,Gland,Gsp,Female,Adult,Reproductive,P57,22.182,92%,0.11%,9156993
WI2_MI4_LPRsp,WI12,Wild,Group1,MI4_LPR,Grp1_Fem3,Gland,Gsp,Female,Adult,Reproductive,P57,22.1888,89%,0.55%,42019647
WI4_T8_BlPYsp,WI25,Wild,Group2,T8_BlPY,Grp2_Fem1,Gland,Gsp,Female,Adult,Reproductive,P57,22.1877,94%,2.44%,121328465
WI2_MI4_LPLsp,WI10,Wild,Group1,MI4_LPL,Grp1_Fem2,Gland,Gsp,Female,Adult,Reproductive,P60,23.3286,90%,0.23%,17680091
WI2_MI4_LPRsp,WI12,Wild,Group1,MI4_LPR,Grp1_Fem3,Gland,Gsp,Female,Adult,Reproductive,P60,23.3339,91%,0.13%,9361429
WI2_MI4_LPRsp,WI12,Wild,Group1,MI4_LPR,Grp1_Fem3,Gland,Gsp,Female,Adult,Reproductive,P63,23.9248,83%,0.11%,8307875
WI4_T8_BlPYsp,WI25,Wild,Group2,T8_BlPY,Grp2_Fem1,Gland,Gsp,Female,Adult,Reproductive,P65,26.2825,88%,0.49%,24255107
WI4_T8_BlBRsp,WI24,Wild,Group2,T8_BlBR,Grp2_Male1,Gland,Gsp,Male,Adult,Reproductive,P69,33.9743,88%,1.45%,91489766
